state,year,deaths,cruderate,ageadjustedrate,sttax,hispanic,nhblack,nhwhite,nhother,lhs,hs,somecol,colplus
Alabama,2005,12,1.3,1.2,42.5,0.0482143,0.2982143,0.6214285,0.0321429,0.1928571,0.3571429,0.2339286,0.2160714
Alabama,2016,30,3.1,3.2,67.5,0.050193,0.2664093,0.6467181,0.0366795,0.1061776,0.3185328,0.2779923,0.2972973
Arizona,2008,11,0.9,0.8,200,0.3997773,0.0211581,0.4599109,0.1191537,0.1681515,0.3452116,0.2494432,0.2371938
Arizona,2010,14,1.1,1.2,200,0.3773825,0.0381194,0.4701398,0.1143583,0.1601017,0.321474,0.2986023,0.2198221
Arizona,2011,12,0.9,0.9,200,0.3478261,0.0205314,0.442029,0.1896135,0.1642512,0.3369565,0.2741546,0.2246377
Arizona,2012,21,1.6,1.7,200,0.3563084,0.0338785,0.4345794,0.1752336,0.1507009,0.3247664,0.2745327,0.25
Arizona,2013,19,1.5,1.5,200,0.3498759,0.0397022,0.4392059,0.1712159,0.1401985,0.3325062,0.2754343,0.251861
Arizona,2014,20,1.5,1.6,200,0.3221024,0.0390836,0.4757412,0.1630728,0.1172507,0.3423181,0.2749326,0.2654986
Arizona,2015,14,1.1,1.2,200,0.3567839,0.0276382,0.4723618,0.1432161,0.1306533,0.3015075,0.2776382,0.290201
Arizona,2016,25,1.9,1.9,200,0.3561828,0.0430108,0.4422043,0.1586021,0.155914,0.3172043,0.2271505,0.2997312
Arkansas,2008,23,4,4.1,59,0.0882353,0.1470588,0.7176471,0.0470588,0.1352941,0.4235294,0.2558824,0.1852941
Arkansas,2009,19,3.3,3.2,59,0.0894737,0.1394737,0.7157895,0.0552632,0.1710526,0.3526316,0.2842105,0.1921053
Arkansas,2010,13,2.3,2.3,115,0.0565476,0.1845238,0.7321429,0.0267857,0.1369048,0.4017857,0.2410714,0.2202381
Arkansas,2011,10,1.7,1.7,115,0.0774411,0.1548821,0.7104377,0.0572391,0.1313131,0.4141414,0.2424242,0.2121212
Arkansas,2012,15,2.6,2.6,115,0.0576369,0.1642651,0.7377521,0.0403458,0.1066282,0.3861671,0.2680115,0.2391931
Arkansas,2013,12,2.1,2.1,115,0.0981595,0.1687117,0.702454,0.0306748,0.1196319,0.4294479,0.2331288,0.2177914
Arkansas,2014,19,3.3,3.3,115,0.0987654,0.1851852,0.691358,0.0246914,0.1080247,0.4320988,0.2376543,0.2222222
Arkansas,2015,15,2.6,2.5,115,0.0969697,0.1333333,0.7272727,0.0424242,0.1,0.3727273,0.2909091,0.2363636
Arkansas,2016,12,2.1,2.2,115,0.06875,0.171875,0.71875,0.040625,0.0875,0.38125,0.265625,0.265625
California,2003,83,1.1,1.1,87,0.4243225,0.0469266,0.3734303,0.1553206,0.1777925,0.3258427,0.2227363,0.2736286
California,2004,109,1.4,1.4,87,0.3885976,0.0432503,0.397772,0.1703801,0.1795544,0.2830931,0.2247706,0.3125819
California,2005,108,1.4,1.4,87,0.4269056,0.0431872,0.358238,0.1716692,0.1781473,0.3239041,0.2047074,0.2932412
California,2006,114,1.5,1.4,87,0.4374461,0.0455134,0.3559103,0.1611303,0.1762295,0.3250647,0.2047023,0.2940035
California,2007,87,1.1,1.1,87,0.4601714,0.0428601,0.3249007,0.1720677,0.1764583,0.3276187,0.1998746,0.2960485
California,2008,96,1.2,1.2,87,0.4513131,0.0482828,0.3222222,0.1781818,0.1822222,0.2927273,0.2248485,0.300202
California,2009,100,1.3,1.3,87,0.4634603,0.0516344,0.3070997,0.1778055,0.1836352,0.3004372,0.2177806,0.298147
California,2010,76,1,1,87,0.4767241,0.0387931,0.3068965,0.1775862,0.1760776,0.3137931,0.2157328,0.2943965
California,2011,67,0.8,0.8,87,0.468012,0.0437956,0.3065693,0.181623,0.181623,0.2917561,0.2230571,0.3035638
California,2012,74,0.9,0.9,87,0.4622517,0.0498896,0.2997792,0.1880795,0.1604857,0.3004415,0.2322296,0.3068433
California,2013,68,0.8,0.9,87,0.4429975,0.0445511,0.3038611,0.2085904,0.1377656,0.2972355,0.2298378,0.3351611
California,2014,77,1,1,87,0.4460148,0.041937,0.3111677,0.2008804,0.131835,0.2745598,0.2479147,0.3456905
California,2015,69,0.9,0.9,87,0.4323873,0.0405438,0.3241116,0.2029573,0.1185309,0.2835678,0.2375388,0.3603625
California,2016,83,1,1,87,0.440038,0.0382332,0.3279506,0.1937782,0.106863,0.3042033,0.2213251,0.3676086
Colorado,2013,11,1,1,84,0.2446982,0.0293638,0.6655791,0.0603589,0.1044046,0.2300163,0.2349103,0.4306688
Colorado,2014,16,1.5,1.4,84,0.2433281,0.032967,0.6530612,0.0706436,0.0832025,0.2810047,0.2276295,0.4081633
Colorado,2015,10,0.9,0.9,84,0.2093023,0.0322004,0.6833631,0.0751342,0.0661896,0.2629696,0.2218247,0.4490161
Colorado,2016,13,1.2,1.2,84,0.2012882,0.037037,0.6908212,0.0708535,0.057971,0.2415459,0.2302738,0.4702093
Connecticut,2011,11,1.6,1.7,300,0.2222222,0.1166667,0.5555556,0.1055556,0.1027778,0.25,0.1888889,0.4583333
Florida,2003,25,0.7,0.7,33.9,0.2066869,0.1808511,0.5714286,0.0410334,0.1322188,0.3404255,0.2598784,0.2674772
Florida,2004,34,1,1,33.9,0.233711,0.1501416,0.5665722,0.0495751,0.1288952,0.335694,0.2620397,0.2733711
Florida,2005,58,1.6,1.6,33.9,0.2527791,0.1701305,0.5268245,0.0502658,0.1324311,0.3421943,0.221363,0.3040116
Florida,2006,44,1.2,1.2,33.9,0.2442308,0.1711538,0.5264423,0.0581731,0.1264423,0.3591346,0.2317308,0.2826923
Florida,2007,52,1.5,1.5,33.9,0.2578086,0.1769955,0.5200793,0.0451165,0.124938,0.3673773,0.2250868,0.2825979
Florida,2008,35,1,1,33.9,0.2604805,0.164861,0.5134244,0.0612341,0.1248234,0.3400848,0.254357,0.2807348
Florida,2009,70,2,2,33.9,0.2685931,0.1828517,0.4874467,0.0611085,0.122217,0.3325438,0.2539081,0.2913311
Florida,2010,44,1.2,1.2,133.9,0.2622707,0.201289,0.4724839,0.0639564,0.1254338,0.3614279,0.2414477,0.2716906
Florida,2011,48,1.3,1.3,133.9,0.2467932,0.1985634,0.4920472,0.0625962,0.1216008,0.3412006,0.2437147,0.2934838
Florida,2012,62,1.7,1.7,133.9,0.2656168,0.2057743,0.4666667,0.0619423,0.1144357,0.3427821,0.2545932,0.288189
Florida,2013,82,2.2,2.2,133.9,0.2562704,0.1799346,0.4989095,0.0648855,0.1090513,0.3113413,0.2677208,0.3118866
Florida,2014,57,1.5,1.5,133.9,0.2828019,0.1730267,0.4803973,0.0637742,0.106116,0.3193936,0.2613696,0.3131208
Florida,2015,63,1.7,1.6,133.9,0.2749856,0.1594454,0.5025997,0.0629694,0.1074523,0.3119584,0.2530329,0.3275563
Florida,2016,44,1.2,1.1,133.9,0.2705184,0.1646868,0.49946,0.0653348,0.0804536,0.3174946,0.2634989,0.3385529
Georgia,2003,39,2,2,12,0.1049869,0.2598425,0.5931758,0.0419948,0.1653543,0.351706,0.2073491,0.2755905
Georgia,2004,17,0.9,0.8,37,0.080292,0.2457421,0.6253042,0.0486618,0.1435523,0.2944039,0.1922141,0.3698297
Georgia,2005,31,1.6,1.5,37,0.1022013,0.2955975,0.5542453,0.047956,0.1525157,0.3294025,0.2177673,0.3003145
Georgia,2006,27,1.3,1.3,37,0.1166052,0.298155,0.5409594,0.0442804,0.1586716,0.3328413,0.201476,0.3070111
Georgia,2007,20,1,1,37,0.1144238,0.2852538,0.548751,0.0515713,0.1716358,0.3126511,0.1901692,0.3255439
Georgia,2008,22,1.1,1.1,37,0.1179985,0.2845407,0.5429425,0.0545183,0.1486184,0.3278566,0.2180732,0.3054518
Georgia,2009,33,1.6,1.5,37,0.1176471,0.2986425,0.5301659,0.0535445,0.1372549,0.3129714,0.2352941,0.3144796
Georgia,2010,34,1.6,1.7,37,0.1157337,0.2965204,0.5310136,0.0567322,0.1384266,0.3101362,0.2458396,0.3055976
Georgia,2011,44,2.1,2.1,37,0.1040413,0.3035254,0.5399828,0.0524506,0.1392949,0.3422184,0.2493551,0.2691316
Georgia,2012,32,1.5,1.5,37,0.0992844,0.3121646,0.5125223,0.0760286,0.1350626,0.3193202,0.2423971,0.30322
Georgia,2013,56,2.7,2.7,37,0.0959726,0.2896315,0.5364181,0.0779777,0.117395,0.302485,0.2459297,0.3341902
Georgia,2014,63,3,3,37,0.1089362,0.2885107,0.5455319,0.0570213,0.1276596,0.3251064,0.226383,0.3208511
Georgia,2015,69,3.3,3.3,37,0.1106419,0.2930743,0.5304054,0.0658784,0.1114865,0.3091216,0.2694257,0.3099662
Georgia,2016,58,2.7,2.8,37,0.1015625,0.2907986,0.5295139,0.078125,0.109375,0.3203125,0.2369792,0.3333333
Hawaii,2006,11,4.2,4.2,140,0.1202532,0.0189873,0.1962025,0.664557,0.0443038,0.4303797,0.2341772,0.2911392
Illinois,2003,12,0.4,0.4,98,0.1623037,0.1151832,0.6474695,0.0750436,0.1029668,0.3490402,0.2041885,0.3438045
Illinois,2004,17,0.6,0.6,98,0.1637324,0.096831,0.6637324,0.0757042,0.1179577,0.2816902,0.2200704,0.3802817
Illinois,2005,14,0.5,0.5,98,0.1517533,0.1263603,0.6608223,0.0610641,0.1136638,0.3155985,0.2043531,0.3663845
Illinois,2006,26,1,1,98,0.1639651,0.1234414,0.65399,0.0586035,0.1209476,0.282419,0.2369077,0.3597257
Illinois,2007,29,1.1,1.1,98,0.1904169,0.123211,0.6235221,0.06285,0.1182327,0.2993155,0.2215308,0.360921
Illinois,2008,29,1.1,1.1,98,0.1595238,0.1202381,0.6535714,0.0666667,0.1154762,0.2767857,0.235119,0.372619
Illinois,2009,31,1.2,1.2,98,0.1700807,0.1204221,0.6356301,0.0738672,0.1204221,0.2836747,0.2420857,0.3538175
Illinois,2010,27,1,1,98,0.1572963,0.1244472,0.6462413,0.0720152,0.0998105,0.2905875,0.2204675,0.3891346
Illinois,2011,41,1.6,1.6,98,0.1656184,0.1355695,0.6408106,0.0580014,0.1118099,0.2921034,0.2208246,0.3752621
Illinois,2012,31,1.2,1.2,98,0.1725852,0.1292614,0.6285511,0.0696023,0.1178977,0.274858,0.2258523,0.381392
Illinois,2013,24,0.9,0.9,198,0.1749644,0.1216216,0.6372688,0.0661451,0.0945946,0.2588905,0.2254623,0.4210526
Illinois,2014,26,1,1,198,0.1672498,0.1224633,0.6326102,0.0776767,0.083275,0.279916,0.2155353,0.4212736
Illinois,2015,32,1.2,1.3,198,0.1753016,0.0979418,0.6579134,0.0688431,0.0837473,0.259049,0.251242,0.4059617
Illinois,2016,24,0.9,0.9,198,0.1760462,0.1067821,0.6277056,0.0894661,0.0721501,0.2691198,0.2229437,0.4357864
Indiana,2008,14,1.1,1.1,99.5,0.0779661,0.079096,0.8090395,0.0338983,0.140113,0.3276836,0.2361582,0.2960452
Indiana,2009,16,1.2,1.2,99.5,0.0905923,0.0766551,0.8025551,0.0301974,0.1370499,0.3530778,0.2682927,0.2415796
Indiana,2010,13,1,1,99.5,0.0645995,0.0865633,0.8062016,0.0426357,0.1705426,0.3372093,0.2299742,0.2622739
Indiana,2011,34,2.6,2.7,99.5,0.0844156,0.0896104,0.7948052,0.0311688,0.1701299,0.3220779,0.274026,0.2337662
Indiana,2012,25,1.9,2,99.5,0.0745721,0.0892421,0.7885085,0.0476773,0.1577017,0.3129584,0.2652812,0.2640587
Indiana,2013,20,1.5,1.6,99.5,0.0834455,0.0955585,0.781965,0.039031,0.1265141,0.3109018,0.2664872,0.2960969
Indiana,2014,25,1.9,2,99.5,0.0769231,0.0795306,0.809648,0.0338983,0.1212516,0.3246415,0.2698826,0.2842242
Indiana,2015,31,2.4,2.4,99.5,0.0687758,0.0811554,0.8033012,0.0467675,0.1155433,0.3259973,0.2503439,0.3081155
Indiana,2016,33,2.6,2.6,99.5,0.0836601,0.0705882,0.8,0.0457516,0.1267974,0.2901961,0.2562092,0.3267974
Kansas,2008,13,2.3,2.3,79,0.1310541,0.031339,0.7606838,0.0769231,0.1652422,0.3162393,0.2022792,0.3162393
Kansas,2009,13,2.3,2.4,79,0.13382,0.0340633,0.7542579,0.0778589,0.1289538,0.323601,0.2408759,0.3065693
Kansas,2010,11,2,2,79,0.0817942,0.0527704,0.7941952,0.0712401,0.0923483,0.3218997,0.2453826,0.3403694
Kansas,2013,14,2.5,2.6,79,0.0951087,0.0461957,0.7690217,0.0896739,0.0951087,0.2853261,0.263587,0.3559783
Kansas,2016,10,1.8,1.8,,0.1049563,0.0291545,0.7988338,0.0670554,0.0874636,0.2653061,0.2594752,0.3877551
Kentucky,2007,11,1.3,1.3,30,0.0377358,0.0668954,0.8713551,0.0240137,0.1149228,0.3413379,0.2349914,0.3087479
Kentucky,2008,10,1.2,1.1,30,0.0251346,0.0771993,0.8725314,0.0251346,0.1256732,0.3608617,0.2423698,0.2710952
Kentucky,2010,15,1.8,1.7,60,0.0378486,0.0717131,0.8466135,0.0438247,0.1394422,0.3466136,0.2450199,0.2689243
Kentucky,2011,10,1.2,1.2,60,0.0400802,0.0801603,0.8436874,0.0360721,0.1382765,0.3386773,0.2605211,0.2625251
Kentucky,2013,17,2,1.9,60,0.0360934,0.0573248,0.8747346,0.0318471,0.0849257,0.3503185,0.2717622,0.2929936
Kentucky,2015,14,1.6,1.7,60,0.0294785,0.047619,0.8752834,0.047619,0.1043084,0.2970521,0.2789116,0.3197279
Kentucky,2016,22,2.6,2.6,60,0.0402415,0.0663984,0.8631791,0.0301811,0.1307847,0.3158954,0.2454728,0.3078471
Louisiana,2003,12,1.2,1.2,36,0.0259259,0.2851852,0.6222222,0.0666667,0.1703704,0.3703704,0.2407407,0.2185185
Louisiana,2004,21,2.1,2.1,36,0.0506329,0.3481013,0.5822785,0.0189873,0.1993671,0.3544304,0.2594937,0.1867089
Louisiana,2005,14,1.4,1.4,36,0.0333333,0.315,0.6166667,0.035,0.16,0.3983333,0.1933333,0.2483333
Louisiana,2007,11,1.2,1.2,36,0.0379061,0.2888087,0.6462094,0.0270758,0.1281588,0.3610108,0.2797834,0.2310469
Louisiana,2012,22,2.3,2.4,36,0.0454545,0.3478261,0.5731225,0.0335968,0.1541502,0.3320158,0.2470356,0.2667984
Louisiana,2013,31,3.3,3.4,36,0.0694184,0.2926829,0.5891182,0.0487805,0.15197,0.3245779,0.2664165,0.2570356
Louisiana,2014,30,3.2,3.3,36,0.0634249,0.3424947,0.5560254,0.038055,0.1162791,0.359408,0.2283298,0.2959831
Louisiana,2015,31,3.3,3.4,36,0.0581818,0.2963636,0.6090909,0.0363636,0.1145455,0.3272727,0.2854545,0.2727273
Louisiana,2016,41,4.4,4.3,86,0.0632653,0.2918367,0.5816327,0.0632653,0.1346939,0.3428572,0.2285714,0.2938775
Maryland,2003,20,1.7,1.6,100,0.0772059,0.2169118,0.6286765,0.0772059,0.0992647,0.2830882,0.2095588,0.4080882
Maryland,2004,16,1.3,1.3,100,0.1006944,0.2048611,0.6006944,0.09375,0.1284722,0.3368056,0.2083333,0.3263889
Maryland,2005,19,1.6,1.6,100,0.0936281,0.2704811,0.556567,0.0793238,0.0871261,0.3003901,0.1885566,0.4239272
Maryland,2006,18,1.5,1.5,100,0.0935162,0.2518703,0.5561097,0.0985037,0.0910224,0.2705736,0.1758105,0.4625935
Maryland,2007,20,1.7,1.7,100,0.1,0.2608108,0.5635135,0.0756757,0.1148649,0.2418919,0.2121622,0.4310811
Maryland,2008,17,1.4,1.4,100,0.1049869,0.2729659,0.5104987,0.1115486,0.0879265,0.2637795,0.1902887,0.4580052
Maryland,2009,18,1.5,1.5,200,0.1215324,0.2575958,0.5284016,0.0924703,0.1056803,0.2523118,0.2021136,0.4398943
Maryland,2010,24,2,2,200,0.1136691,0.2517986,0.5194244,0.1151079,0.0935252,0.2604316,0.2302158,0.4158273
Maryland,2011,24,2,1.9,200,0.1060172,0.277937,0.5071633,0.1088825,0.1146132,0.2578796,0.2091691,0.4183381
Maryland,2012,19,1.6,1.6,200,0.1078717,0.2769679,0.4985423,0.1166181,0.1020408,0.2813411,0.196793,0.4198251
Maryland,2013,15,1.3,1.3,200,0.1248025,0.2638231,0.5102686,0.1011058,0.0932069,0.2527646,0.1816746,0.4723539
Maryland,2014,22,1.8,1.8,200,0.1175572,0.2396947,0.5435115,0.0992366,0.0748092,0.2396947,0.2045802,0.480916
Maryland,2015,16,1.3,1.3,200,0.1148748,0.2842415,0.5081002,0.0927835,0.0810015,0.2488954,0.2135493,0.4565538
Maryland,2016,13,1.1,1,200,0.1007752,0.2651163,0.5286822,0.1054264,0.0604651,0.248062,0.1875969,0.503876
Massachusetts,2016,15,1.1,1.1,351,0.1572238,0.0892351,0.6359773,0.1175637,0.0623229,0.233711,0.1883853,0.5155807
Michigan,2003,16,0.8,0.8,125,0.0525328,0.1163227,0.7879925,0.043152,0.097561,0.3170732,0.2851782,0.3001876
Michigan,2004,51,2.4,2.4,125,0.0444444,0.1074074,0.7851852,0.062963,0.0925926,0.2944444,0.2592593,0.3537037
Michigan,2005,38,1.8,1.8,200,0.0615883,0.1183144,0.7617504,0.0583468,0.1377634,0.3144246,0.232577,0.315235
Michigan,2006,26,1.3,1.3,200,0.0632911,0.1130802,0.7586498,0.0649789,0.1265823,0.3316456,0.2514768,0.2902954
Michigan,2007,30,1.5,1.5,200,0.0608333,0.1091667,0.7625,0.0675,0.1175,0.3275,0.235,0.32
Michigan,2008,25,1.3,1.3,200,0.0501672,0.1120401,0.7775919,0.0602007,0.1078595,0.3252508,0.2558528,0.3110368
Michigan,2009,27,1.4,1.4,200,0.0575731,0.1266608,0.7635075,0.0522586,0.0965456,0.3250664,0.2701506,0.3082374
Michigan,2010,37,1.9,1.9,200,0.0584416,0.1261595,0.7532467,0.0621521,0.1187384,0.3200371,0.255102,0.3061225
Michigan,2011,27,1.4,1.4,200,0.064,0.113,0.763,0.06,0.114,0.312,0.256,0.318
Michigan,2012,24,1.3,1.3,200,0.0621814,0.1223242,0.7441387,0.0713558,0.088685,0.3353721,0.2782875,0.2976555
Michigan,2013,29,1.5,1.5,200,0.0512351,0.1216834,0.7593778,0.0677036,0.0832571,0.3064959,0.2863678,0.3238792
Michigan,2014,24,1.3,1.3,200,0.0424128,0.1404335,0.7530631,0.0640905,0.0829406,0.3034873,0.3091423,0.3044298
Michigan,2015,25,1.3,1.3,200,0.0533736,0.1168177,0.7663646,0.0634441,0.0976838,0.2920443,0.2809668,0.3293051
Michigan,2016,38,2,2,200,0.0675944,0.0914513,0.7733598,0.0675944,0.0884692,0.2952286,0.2952286,0.3210736
Minnesota,2009,11,1,1,148.5,0.0485133,0.0453834,0.8341158,0.0719875,0.0610329,0.2644757,0.3067293,0.3677621
Minnesota,2012,11,1.1,1.1,158.6,0.0407166,0.0570033,0.8061889,0.0960912,0.0814332,0.2166124,0.3045603,0.3973942
Minnesota,2016,14,1.3,1.3,342.6,0.0366057,0.0432612,0.8369384,0.0831947,0.0432612,0.2462562,0.3061564,0.4043261
Mississippi,2004,11,1.8,1.7,18,0.0143885,0.4100719,0.5539568,0.0215827,0.1726619,0.352518,0.2769784,0.1978417
Mississippi,2005,13,2.1,2,18,0.0079787,0.3670213,0.6037234,0.0212766,0.1835106,0.3164894,0.287234,0.212766
Mississippi,2006,15,2.5,2.4,18,0.0242718,0.4223301,0.5436893,0.0097087,0.1941748,0.3592233,0.2597087,0.1868932
Mississippi,2007,11,1.8,1.7,18,0.0242131,0.4067796,0.5472155,0.0217918,0.1646489,0.3414043,0.2639225,0.2300242
Mississippi,2008,14,2.3,2.3,18,0.017199,0.4029484,0.5454546,0.034398,0.1695332,0.2948403,0.3267813,0.2088452
Mississippi,2009,12,2,1.9,18,0.0363636,0.3714286,0.5714286,0.0207792,0.1688312,0.3012987,0.3272727,0.2025974
Mississippi,2010,12,2,2,68,0.0430622,0.4019139,0.5382775,0.0167464,0.1889952,0.3277512,0.2942584,0.1889952
Mississippi,2011,17,2.8,2.7,68,0.0359281,0.3982036,0.5479042,0.0179641,0.1257485,0.3443114,0.2934132,0.236527
Mississippi,2012,14,2.3,2.4,68,0.0317919,0.4248555,0.5057803,0.0375723,0.1213873,0.3092486,0.3699422,0.199422
Mississippi,2013,12,2,1.8,68,0.0259067,0.4222798,0.5284974,0.0233161,0.1295337,0.3497409,0.3212435,0.1994819
Mississippi,2016,11,1.8,1.9,68,0.054878,0.3902439,0.5243902,0.0304878,0.097561,0.3353659,0.3262195,0.2408537
Missouri,2005,15,1.3,1.3,17,0.0411141,0.1087533,0.8116711,0.0384615,0.1392573,0.3607427,0.2334218,0.2665783
Missouri,2006,13,1.1,1.1,17,0.0478142,0.1079235,0.8128415,0.0314208,0.1297814,0.3497268,0.2008197,0.3196721
Missouri,2007,10,0.8,0.8,17,0.0306122,0.1071429,0.8265306,0.0357143,0.1288265,0.3316326,0.2397959,0.2997449
Missouri,2008,16,1.4,1.4,17,0.0448549,0.0989446,0.8126649,0.0435356,0.1292876,0.3271768,0.2480211,0.2955145
Missouri,2009,15,1.3,1.2,17,0.0494506,0.0947802,0.7967033,0.0590659,0.1291209,0.3104396,0.2513736,0.3090659
Missouri,2011,14,1.2,1.1,17,0.0533516,0.0834473,0.8221614,0.0410397,0.129959,0.3228454,0.2202462,0.3269494
Missouri,2012,27,2.3,2.3,17,0.0530612,0.1102041,0.7945578,0.0421769,0.1088435,0.3292517,0.2367347,0.3251701
Missouri,2013,23,2,2,17,0.057971,0.0811594,0.8304348,0.0304348,0.1217391,0.3130435,0.2565217,0.3086956
Missouri,2014,25,2.1,2.2,17,0.0451128,0.1097744,0.8,0.0451128,0.1067669,0.3052632,0.2571429,0.3308271
Missouri,2015,23,2,2,17,0.0446429,0.0877976,0.8139881,0.0535714,0.1145833,0.328869,0.2410714,0.3154762
Missouri,2016,20,1.7,1.7,17,0.0555556,0.0877193,0.8187134,0.0380117,0.0877193,0.2909357,0.2880117,0.3333333
New Jersey,2003,10,0.6,0.5,150,0.157767,0.131068,0.5970874,0.1140777,0.0898058,0.2669903,0.1941748,0.4490291
New Jersey,2004,36,2,2,205,0.1256685,0.0748663,0.6737968,0.1256685,0.0508021,0.2727273,0.197861,0.4786096
New Jersey,2005,19,1.1,1.1,240,0.1752669,0.1058719,0.588968,0.1298932,0.0756228,0.272242,0.1663701,0.4857651
New Jersey,2006,30,1.7,1.7,240,0.1824953,0.1154562,0.603352,0.0986965,0.0828678,0.2681564,0.1815642,0.4674115
New Jersey,2007,35,2,2,257.5,0.2064923,0.1109107,0.5635708,0.1190261,0.0712353,0.2795311,0.2019838,0.4472498
New Jersey,2008,26,1.5,1.5,257.5,0.1922121,0.1458161,0.5575808,0.1043911,0.0787075,0.2775476,0.2021541,0.4415907
New Jersey,2009,27,1.5,1.5,257.5,0.1935176,0.1239275,0.5376549,0.1448999,0.0772164,0.2735939,0.2020972,0.4470925
New Jersey,2010,26,1.5,1.5,270,0.2,0.1236715,0.5371981,0.1391304,0.068599,0.2724638,0.178744,0.4801932
New Jersey,2011,36,2.1,2,270,0.212828,0.1341108,0.5150632,0.1379981,0.0728863,0.2808552,0.1953353,0.4509232
New Jersey,2012,23,1.3,1.3,270,0.2182182,0.1091091,0.5045045,0.1681682,0.0870871,0.2392392,0.1951952,0.4784785
New Jersey,2013,39,2.3,2.3,270,0.2070064,0.1475584,0.4957537,0.1496815,0.0934183,0.2441614,0.1963907,0.4660297
New Jersey,2014,39,2.3,2.3,270,0.222103,0.1427039,0.4957082,0.139485,0.0675966,0.2349785,0.2038627,0.4935622
New Jersey,2015,27,1.6,1.6,270,0.2271293,0.1104101,0.5373291,0.1251314,0.0536278,0.2628812,0.190326,0.4931651
New Jersey,2016,29,1.7,1.7,270,0.1935484,0.10901,0.5472748,0.1501669,0.0456062,0.2491657,0.1879867,0.5172414
New Mexico,2007,10,2.5,2.6,91,0.5240175,0.0131004,0.3056768,0.1572052,0.1746725,0.3449782,0.2707424,0.209607
New Mexico,2008,11,2.8,2.8,91,0.5349794,0.0082305,0.3004115,0.1563786,0.2016461,0.3374486,0.2592593,0.2016461
New Mexico,2011,10,2.5,2.4,166,0.4538745,0.0258303,0.2878229,0.2324723,0.2103321,0.3763838,0.2656827,0.1476015
New York,2003,50,1.2,1.2,150,0.1523438,0.1236979,0.6354167,0.0885417,0.1080729,0.3020833,0.2265625,0.3632813
New York,2004,70,1.7,1.7,150,0.1596131,0.120919,0.6444982,0.0749698,0.0943168,0.2914147,0.210399,0.4038694
New York,2005,53,1.3,1.3,150,0.1531779,0.1280293,0.6305441,0.0882487,0.1211706,0.3054412,0.1979881,0.3754001
New York,2006,66,1.6,1.6,150,0.1671099,0.1285461,0.6054965,0.0988475,0.1156915,0.2952128,0.2074468,0.3816489
New York,2007,48,1.2,1.2,150,0.1656528,0.1221338,0.6172204,0.094993,0.1314927,0.3022929,0.1923257,0.3738886
New York,2008,70,1.7,1.7,150,0.1749777,0.1366874,0.5908281,0.0975067,0.1300089,0.2796082,0.2181656,0.3722173
New York,2009,66,1.6,1.6,275,0.1844616,0.1158564,0.6079055,0.0917765,0.1276692,0.2780554,0.2044525,0.3898228
New York,2010,65,1.6,1.6,275,0.1925353,0.137005,0.5694128,0.1010469,0.1383705,0.2858443,0.2080109,0.3677742
New York,2011,58,1.4,1.4,435,0.1902904,0.1374079,0.5639359,0.1083658,0.1274382,0.295622,0.201127,0.3758127
New York,2012,51,1.3,1.3,435,0.1785055,0.1356089,0.5521218,0.1337638,0.126845,0.3016605,0.1988007,0.3726937
New York,2013,59,1.5,1.4,435,0.159447,0.1313364,0.5875576,0.121659,0.1105991,0.2788018,0.2110599,0.3995392
New York,2014,58,1.4,1.4,435,0.1805556,0.1240421,0.5871648,0.1082375,0.11159,0.2787356,0.1949234,0.414751
New York,2015,58,1.4,1.5,435,0.186001,0.1164953,0.5829662,0.1145374,0.0978952,0.2648067,0.2094958,0.4278023
New York,2016,58,1.4,1.4,435,0.1704381,0.1280693,0.5623496,0.139143,0.0958113,0.2840635,0.1906596,0.4294656
North Carolina,2003,16,0.9,0.9,5,0.1197917,0.2005208,0.640625,0.0390625,0.1588542,0.3411458,0.203125,0.296875
North Carolina,2005,16,0.9,0.9,5,0.1086351,0.2107707,0.6258125,0.0547818,0.172702,0.3166202,0.2172702,0.2934076
North Carolina,2007,17,0.9,0.9,35,0.1289474,0.1877193,0.6263158,0.0570175,0.1421053,0.3157895,0.2359649,0.3061404
North Carolina,2008,13,0.7,0.7,35,0.126593,0.1988105,0.6074767,0.0671198,0.1648258,0.2837723,0.2387426,0.3126593
North Carolina,2009,20,1,1,35,0.1337737,0.209744,0.6019818,0.0545004,0.164327,0.2914946,0.2402973,0.3038811
North Carolina,2010,10,0.5,0.5,45,0.1225649,0.2183442,0.5900974,0.0689935,0.1404221,0.3125,0.2637987,0.2832792
North Carolina,2011,11,0.6,0.6,45,0.1347332,0.2370954,0.5739282,0.0542432,0.1706037,0.2983377,0.2712161,0.2598425
North Carolina,2012,10,0.5,0.5,45,0.1205608,0.2074766,0.6084112,0.0635514,0.1392523,0.2925234,0.264486,0.3037383
North Carolina,2013,13,0.7,0.7,45,0.1248761,0.2111001,0.5728444,0.0911794,0.1377602,0.2775025,0.2705649,0.3141724
North Carolina,2014,29,1.5,1.5,45,0.1213819,0.2091503,0.579832,0.0896359,0.1045752,0.286648,0.2614379,0.3473389
North Carolina,2015,28,1.4,1.4,45,0.1188878,0.1744967,0.6347076,0.071908,0.1150527,0.2665388,0.2655801,0.3528284
North Carolina,2016,35,1.7,1.7,45,0.1192308,0.1865385,0.6163462,0.0778846,0.0826923,0.2615385,0.2913462,0.3644231
Ohio,2003,12,0.5,0.5,55,0.026178,0.1064572,0.8394415,0.0279232,0.1082024,0.3874345,0.2094241,0.2949389
Ohio,2005,13,0.6,0.6,55,0.0309917,0.0964187,0.8285124,0.0440771,0.1108815,0.3712121,0.2121212,0.3057851
Ohio,2006,13,0.6,0.6,125,0.0390836,0.1179245,0.801213,0.041779,0.1226415,0.3638814,0.240566,0.272911
Ohio,2007,28,1.2,1.2,125,0.028321,0.1126096,0.8159137,0.0431558,0.1126096,0.3479434,0.2258935,0.3135536
Ohio,2008,22,1,1,125,0.0323915,0.1061337,0.820124,0.0413508,0.1212957,0.3335631,0.233632,0.3115093
Ohio,2009,42,1.9,1.9,125,0.0354906,0.1141267,0.8114127,0.0389701,0.1169102,0.3305497,0.2560891,0.2964509
Ohio,2010,33,1.5,1.5,125,0.04482,0.1285819,0.7883909,0.0382072,0.1080088,0.3548861,0.2424688,0.2946363
Ohio,2011,30,1.3,1.3,125,0.0342262,0.1235119,0.8035714,0.0386905,0.1108631,0.3422619,0.2410714,0.3058036
Ohio,2012,30,1.4,1.3,125,0.0434012,0.129318,0.7945084,0.0327724,0.1240035,0.3348096,0.2568645,0.2843224
Ohio,2013,25,1.1,1.1,125,0.0500391,0.1055512,0.7990618,0.0453479,0.0828772,0.354183,0.2634871,0.2994527
Ohio,2014,21,1,0.9,125,0.0385542,0.1212851,0.788755,0.0514056,0.1084337,0.2987952,0.2763052,0.3164659
Ohio,2015,37,1.7,1.6,125,0.0301624,0.1098221,0.8066512,0.0533643,0.0982212,0.3341067,0.2343387,0.3333333
Ohio,2016,36,1.6,1.6,160,0.0389073,0.1100993,0.7955298,0.0554636,0.1018212,0.3129139,0.2557947,0.3294702
Oklahoma,2004,14,1.9,1.9,23,0.1082803,0.1019108,0.6496815,0.1401274,0.1592357,0.4140127,0.2038217,0.2229299
Oklahoma,2005,20,2.8,2.7,23,0.1113586,0.0579065,0.6436526,0.1870824,0.1870824,0.44098,0.1737194,0.1982183
Oklahoma,2006,12,1.7,1.6,103,0.1146789,0.0711009,0.6766055,0.1376147,0.190367,0.3692661,0.2408257,0.1995413
Oklahoma,2007,11,1.5,1.6,103,0.1008772,0.0482456,0.6842105,0.1666667,0.1732456,0.4144737,0.2149123,0.1973684
Oklahoma,2009,15,2,2.1,103,0.123431,0.0564854,0.6380753,0.1820084,0.1820084,0.3640167,0.2259414,0.2280335
Oklahoma,2010,16,2.2,2.3,103,0.1651376,0.0458716,0.5963303,0.1926606,0.1399083,0.396789,0.2637615,0.1995413
Oklahoma,2011,17,2.3,2.3,103,0.1064718,0.0835073,0.6221294,0.1878914,0.1544885,0.3716075,0.2713988,0.2025052
Oklahoma,2012,14,1.9,1.8,103,0.1422764,0.0528455,0.5833333,0.2215447,0.1626016,0.3800813,0.254065,0.203252
Oklahoma,2013,17,2.2,2.2,103,0.1272727,0.0525253,0.620202,0.2,0.1676768,0.4161616,0.2242424,0.1919192
Oklahoma,2014,12,1.6,1.6,103,0.1202673,0.0601336,0.5946548,0.2249443,0.1269488,0.4209354,0.233853,0.2182628
Oklahoma,2015,13,1.7,1.5,103,0.1012346,0.0666667,0.6296296,0.2024691,0.1481481,0.3851852,0.237037,0.2296296
Oklahoma,2016,14,1.8,1.7,103,0.1464968,0.0488323,0.581741,0.2229299,0.1210191,0.3927813,0.2335456,0.2526539
Oregon,2011,10,1.3,1.3,118,0.1666667,0.0162037,0.7199074,0.0972222,0.1203704,0.3101852,0.2314815,0.337963
Oregon,2013,11,1.4,1.4,118,0.1119403,0.0273632,0.7611941,0.0995025,0.0970149,0.2935323,0.2736318,0.3358209
Pennsylvania,2003,21,0.8,0.8,100,0.0568807,0.0825688,0.8165138,0.0440367,0.1027523,0.346789,0.2183486,0.3321101
Pennsylvania,2004,14,0.6,0.6,100,0.062069,0.0862069,0.8172414,0.0344828,0.1413793,0.3344828,0.187931,0.3362069
Pennsylvania,2005,16,0.6,0.7,135,0.0569575,0.0814708,0.8312905,0.0302812,0.112473,0.371305,0.1961067,0.3201154
Pennsylvania,2006,28,1.1,1.2,135,0.0504826,0.0824053,0.830735,0.0363771,0.1269488,0.3192279,0.199703,0.3541203
Pennsylvania,2007,38,1.5,1.6,135,0.0634355,0.0841055,0.8054169,0.0470421,0.1254455,0.3221668,0.1981468,0.3542409
Pennsylvania,2008,28,1.1,1.2,135,0.0599586,0.0771881,0.8249483,0.0379049,0.1047553,0.3349414,0.2308753,0.329428
Pennsylvania,2009,38,1.6,1.6,135,0.0719942,0.0712743,0.8063355,0.050396,0.1022318,0.325414,0.2044636,0.3678906
Pennsylvania,2010,32,1.3,1.3,160,0.057377,0.0879285,0.8055142,0.0491803,0.1251863,0.3062593,0.2138599,0.3546945
Pennsylvania,2011,21,0.9,0.9,160,0.0535316,0.0944238,0.8074349,0.0446097,0.0988848,0.335316,0.2185874,0.3472119
Pennsylvania,2012,25,1,1,160,0.0601266,0.0822785,0.8093355,0.0482595,0.119462,0.3188291,0.2183544,0.3433544
Pennsylvania,2013,32,1.3,1.4,160,0.0755149,0.085431,0.7871854,0.0518688,0.1128909,0.3180778,0.1975591,0.3714722
Pennsylvania,2014,29,1.2,1.2,160,0.06724,0.0914777,0.7881157,0.0531665,0.1102424,0.3166536,0.1923378,0.3807662
Pennsylvania,2015,28,1.2,1.1,160,0.0697859,0.0705789,0.8025377,0.0570975,0.0999207,0.295797,0.2038065,0.4004758
Pennsylvania,2016,33,1.4,1.4,160,0.0718702,0.0842349,0.7882535,0.0556414,0.1081917,0.2720247,0.2210201,0.3987635
South Carolina,2005,14,1.6,1.6,7,0.0642722,0.2665406,0.6351607,0.0340265,0.1663516,0.342155,0.2230624,0.268431
South Carolina,2007,19,2.1,2.1,7,0.0967118,0.2727273,0.5822051,0.0483559,0.1663443,0.3539652,0.212766,0.2669246
South Carolina,2008,26,2.8,2.8,7,0.0626003,0.2600321,0.6420546,0.035313,0.1669342,0.3338684,0.2295345,0.2696629
South Carolina,2009,23,2.5,2.4,7,0.0846906,0.2801303,0.6058632,0.029316,0.1351791,0.3420196,0.228013,0.2947883
South Carolina,2010,18,1.9,1.9,7,0.0547945,0.3065068,0.5976027,0.0410959,0.1523973,0.3356164,0.260274,0.2517123
South Carolina,2011,19,2,2.1,57,0.061296,0.3082312,0.5884413,0.0420315,0.1208406,0.352014,0.2521891,0.2749562
South Carolina,2012,16,1.7,1.7,57,0.0623853,0.2550459,0.6458716,0.0366972,0.1247706,0.3266055,0.2862385,0.2623853
South Carolina,2013,15,1.6,1.6,57,0.0649087,0.2677485,0.622718,0.0446247,0.1176471,0.3549696,0.2352941,0.2920893
South Carolina,2014,24,2.5,2.5,57,0.0690377,0.3075314,0.5920502,0.0313808,0.1108787,0.2949791,0.2991632,0.2949791
South Carolina,2015,18,1.9,1.9,57,0.0503018,0.2696177,0.637827,0.0422535,0.1046278,0.3440644,0.2615694,0.2897384
South Carolina,2016,26,2.7,2.7,57,0.0732177,0.2312139,0.6570327,0.0385356,0.1021195,0.2890173,0.2408478,0.3680154
Tennessee,2008,11,0.9,0.9,62,0.0789779,0.1718931,0.70964,0.039489,0.1219512,0.3623693,0.2450639,0.2706156
Tennessee,2009,10,0.8,0.7,62,0.0722348,0.2042889,0.6839729,0.0395034,0.1196388,0.3905192,0.2392776,0.2505643
Tennessee,2012,34,2.6,2.6,62,0.0708215,0.1473088,0.7252125,0.0566572,0.1076487,0.3725213,0.2209632,0.2988669
Tennessee,2013,20,1.6,1.5,62,0.0580111,0.1712707,0.7265193,0.0441989,0.1187845,0.3936464,0.2182321,0.269337
Tennessee,2014,22,1.7,1.7,62,0.085282,0.1581843,0.7138927,0.042641,0.1210454,0.3975241,0.2145805,0.2668501
Tennessee,2015,24,1.8,1.8,62,0.0694051,0.1487252,0.7365439,0.0453258,0.092068,0.3555241,0.223796,0.3286119
Tennessee,2016,20,1.5,1.6,62,0.0723982,0.1870287,0.6968326,0.0437406,0.0950226,0.3755656,0.2413273,0.2880845
Texas,2003,55,1.1,1.1,41,0.4606299,0.0856299,0.4094488,0.0442913,0.2312992,0.3641732,0.1692913,0.2352362
Texas,2004,45,0.9,0.9,41,0.4186747,0.0903614,0.433735,0.0572289,0.187751,0.3443775,0.2038153,0.2640562
Texas,2005,67,1.3,1.3,41,0.4282311,0.0857653,0.4324002,0.0536033,0.2099464,0.3487195,0.194461,0.2468731
Texas,2006,78,1.5,1.5,41,0.4229643,0.0963679,0.4294083,0.0512595,0.1959578,0.3611599,0.2018161,0.2410662
Texas,2007,63,1.2,1.2,41,0.4450471,0.0879246,0.4136454,0.0533828,0.1935484,0.36169,0.2023979,0.2423637
Texas,2008,79,1.5,1.5,141,0.4233596,0.1010499,0.4125984,0.0629921,0.1895013,0.3370079,0.2128609,0.2606299
Texas,2009,111,2.1,2.1,141,0.4405333,0.0949333,0.3997333,0.0648,0.1808,0.3424,0.2061333,0.2706667
Texas,2010,93,1.7,1.7,141,0.4402878,0.1010072,0.396259,0.062446,0.167482,0.345036,0.2227338,0.2647482
Texas,2011,102,1.9,1.9,141,0.4623361,0.0933211,0.3845685,0.0597743,0.1964013,0.3583409,0.210735,0.2345227
Texas,2012,120,2.2,2.2,141,0.4716236,0.0836925,0.3811063,0.0635776,0.1738506,0.3448276,0.2266523,0.2546695
Texas,2013,119,2.1,2.2,141,0.43708,0.0928528,0.4043983,0.0656689,0.1542456,0.3396457,0.2345754,0.2715333
Texas,2014,106,1.9,1.9,141,0.4436045,0.091019,0.3985485,0.0668279,0.1424252,0.3444209,0.2261869,0.286967
Texas,2015,101,1.8,1.8,141,0.4369949,0.0936845,0.4010775,0.068243,0.1310985,0.3418138,0.2355582,0.2915295
Texas,2016,112,1.9,1.9,141,0.4286996,0.0899851,0.4068759,0.0744395,0.1384155,0.3300448,0.2155456,0.315994
Utah,2007,10,1.7,1.9,69.5,0.0971429,0.0038095,0.8590476,0.04,0.0628571,0.3123809,0.32,0.3047619
Utah,2013,14,2.2,2.2,170,0.0944882,0.007874,0.8503937,0.0472441,0.0511811,0.2795275,0.2795275,0.3897638
Utah,2014,12,1.9,2,170,0.111828,0.0086022,0.8086022,0.0709677,0.0430108,0.288172,0.3053764,0.3634409
Utah,2015,11,1.7,1.6,170,0.1197479,0.0147059,0.8361344,0.0294118,0.039916,0.289916,0.2815126,0.3886555
Virginia,2005,14,0.9,0.9,20,0.0812757,0.1666667,0.6687243,0.0833333,0.0823045,0.2983539,0.2078189,0.4115226
Virginia,2007,14,0.9,0.8,30,0.0962129,0.185261,0.6253839,0.0931423,0.0962129,0.2814739,0.2016377,0.4206755
Virginia,2009,11,0.7,0.7,30,0.0997984,0.1602823,0.6300403,0.109879,0.0826613,0.2883064,0.2006048,0.4284274
Virginia,2011,17,1,1,30,0.0916667,0.190625,0.61875,0.0989583,0.0927083,0.259375,0.2333333,0.4145833
Virginia,2012,13,0.8,0.8,30,0.0872211,0.1774848,0.6186613,0.1166329,0.0770791,0.2515213,0.2444219,0.4269777
Virginia,2013,15,0.9,0.9,30,0.1010989,0.1626374,0.6351649,0.1010989,0.0648352,0.2659341,0.2307692,0.4384615
Virginia,2014,16,1,1,30,0.0972516,0.1479915,0.6469344,0.1078224,0.05074,0.255814,0.2040169,0.4894292
Virginia,2015,23,1.4,1.4,30,0.1089536,0.1650485,0.609493,0.1165049,0.0647249,0.2481122,0.2135922,0.4735706
Virginia,2016,29,1.7,1.7,30,0.1037118,0.1441048,0.6408297,0.1113537,0.0775109,0.2358079,0.1866812,0.5
Washington,2004,16,1.2,1.2,142.5,0.0836237,0.0209059,0.7421603,0.1533101,0.0940767,0.3344948,0.2264808,0.3449477
Washington,2005,13,1,1,142.5,0.1585678,0.0294118,0.6982097,0.1138107,0.112532,0.3567775,0.2225064,0.3081841
Washington,2006,10,0.8,0.8,202.5,0.1553398,0.0339806,0.6650485,0.1456311,0.1213592,0.336165,0.2512136,0.2912621
Washington,2007,13,1,1,202.5,0.1248555,0.0346821,0.683237,0.1572254,0.1213873,0.3248555,0.2184971,0.3352601
Washington,2008,10,0.7,0.7,202.5,0.1428571,0.0265781,0.6821706,0.1483942,0.1173865,0.3200443,0.2569214,0.3056479
Washington,2009,11,0.8,0.8,202.5,0.1538462,0.0355913,0.663605,0.1469575,0.1228473,0.3030999,0.2537313,0.3203215
Washington,2010,11,0.8,0.8,202.5,0.1668682,0.0471584,0.6420798,0.1438936,0.1112455,0.3264813,0.2527207,0.3095526
Washington,2011,14,1,1.1,302.5,0.1444445,0.0333333,0.6641975,0.1580247,0.1061728,0.3061728,0.2592593,0.3283951
Washington,2012,15,1.1,1.1,302.5,0.1191646,0.0380835,0.6830467,0.1597052,0.0859951,0.3292383,0.2604423,0.3243243
Washington,2013,14,1,1,302.5,0.1450382,0.0419847,0.6424937,0.1704835,0.1005089,0.2811705,0.2430025,0.3753181
Washington,2014,20,1.4,1.4,302.5,0.1550672,0.032967,0.6288157,0.1831502,0.1013431,0.3247863,0.2258852,0.3479854
Washington,2015,11,0.8,0.8,302.5,0.1358491,0.0251572,0.6465409,0.1924528,0.0805031,0.2981132,0.2603773,0.3610063
Wisconsin,2003,11,1,1,77,0.0972763,0.0272374,0.844358,0.0311284,0.0817121,0.3035019,0.2879377,0.3268482
Wisconsin,2005,17,1.5,1.5,77,0.0538574,0.0378457,0.8689956,0.0393013,0.0829694,0.2983988,0.2605531,0.3580786
Wisconsin,2006,12,1.1,1.1,77,0.0447761,0.0402985,0.8552239,0.0597015,0.0940299,0.3597015,0.2328358,0.3134328
Wisconsin,2007,15,1.3,1.4,77,0.0796178,0.0302548,0.8407643,0.0493631,0.1019108,0.3471338,0.2484076,0.3025478
Wisconsin,2009,13,1.2,1.2,177,0.0730253,0.0402385,0.8241431,0.0625931,0.0819672,0.3263786,0.2786885,0.3129657
Wisconsin,2010,12,1.1,1.1,252,0.0678466,0.0560472,0.820059,0.0560472,0.0929204,0.3141593,0.2507375,0.3421829
Wisconsin,2011,14,1.3,1.3,252,0.0548885,0.0360206,0.8542024,0.0548885,0.0891938,0.3310463,0.2624357,0.3173242
Wisconsin,2013,10,0.9,0.9,252,0.0495575,0.0495575,0.8389381,0.0619469,0.0902655,0.2584071,0.2955752,0.3557522
Wisconsin,2014,14,1.3,1.3,252,0.0568966,0.0344828,0.8482758,0.0603448,0.0827586,0.2862069,0.3051724,0.3258621
Wisconsin,2016,13,1.2,1.2,252,0.0641447,0.0427632,0.8157895,0.0773026,0.0756579,0.2960526,0.2845395,0.34375
